,Standard Deviation Before Bretton Woods,Standard Deviation After Bretton Woods,Ratio (Before / After)
Exchange Rate Growth,0.8672286175610404,2.884954006986156,0.3006039664621946
Real Exchange Rate Growth,0.9348089589975364,2.94468706368488,0.317456129897806
Monthly Inflation Rate,0.3410275424540237,0.3065780893831888,1.1123676292071116
Inflation Difference,0.4142403055619486,0.366526542928118,1.1301781918784204
Growth in Industrial Production,5.614913753495573,4.6861657454436365,1.1981893211854402
